{
  "project_info": {
    "project_number": "536953590488",
    "firebase_url": "https://travelmantics-1e8e2.firebaseio.com",
    "project_id": "travelmantics-1e8e2",
    "storage_bucket": "travelmantics-1e8e2.appspot.com"
  },
  "client": [
    {
      "client_info": {
        "mobilesdk_app_id": "1:536953590488:android:b4470d06b32c6715",
        "android_client_info": {
          "package_name": "com.example.travelmantics"
        }
      },
      "oauth_client": [
        {
          "client_id": "536953590488-dkdnbe4k599miurj3650ipj32nmbtn00.apps.googleusercontent.com",
          "client_type": 3
        }
      ],
      "api_key": [
        {
          "current_key": "AIzaSyDnKuHgXCyYgRT2xCZoHF8kkWM0C9wPc6o"
        }
      ],
      "services": {
        "appinvite_service": {
          "other_platform_oauth_client": [
            {
              "client_id": "536953590488-dkdnbe4k599miurj3650ipj32nmbtn00.apps.googleusercontent.com",
              "client_type": 3
            }
          ]
        }
      }
    }
  ],
  "configuration_version": "1"
}